cve,epss,percentile
CVE-2023-0001,0.00043,0.07027
CVE-2023-0002,0.00042,0.05675
CVE-2023-0003,0.00068,0.27908
CVE-2023-0004,0.00045,0.12543
CVE-2023-0005,0.00048,0.14879
CVE-2023-0006,0.00042,0.05675
CVE-2023-0007,0.00045,0.12002
CVE-2023-0008,0.00068,0.27908
CVE-2023-0009,0.00042,0.05675
CVE-2023-0010,0.00045,0.12002
CVE-2023-0012,0.00043,0.07027
CVE-2023-0013,0.00046,0.13988
CVE-2023-0014,0.00091,0.37850
CVE-2023-0015,0.00045,0.12002
CVE-2023-0016,0.00050,0.16805
CVE-2023-0017,0.00102,0.40804
CVE-2023-0018,0.00046,0.13988
CVE-2023-0019,0.00049,0.15307
CVE-2023-0020,0.00049,0.15307
CVE-2023-0021,0.00052,0.18362
CVE-2023-0022,0.00049,0.15376
CVE-2023-0023,0.00049,0.15307
CVE-2023-0024,0.00045,0.12002
CVE-2023-0025,0.00045,0.12002
CVE-2023-0026,0.00046,0.13988
CVE-2023-0027,0.00045,0.12002
CVE-2023-0028,0.00046,0.13988
CVE-2023-0029,0.00049,0.15509
CVE-2023-0030,0.00042,0.05675
CVE-2023-0033,0.00045,0.12002
CVE-2023-0034,0.00045,0.12002
CVE-2023-0035,0.00042,0.05675
CVE-2023-0036,0.00042,0.05675
CVE-2023-0037,0.00230,0.59985
CVE-2023-0038,0.00097,0.39601
CVE-2023-0039,0.00044,0.10615
CVE-2023-0040,0.00048,0.14876
CVE-2023-0041,0.00049,0.16273
CVE-2023-0042,0.00046,0.13988
CVE-2023-0043,0.00046,0.13988
CVE-2023-0044,0.00046,0.13988
CVE-2023-0045,0.00189,0.55214
CVE-2023-0046,0.00050,0.16805
CVE-2023-0048,0.00049,0.15376
CVE-2023-0049,0.00054,0.19381
CVE-2023-0050,0.00218,0.58570
CVE-2023-0051,0.00050,0.17262
CVE-2023-0052,0.00055,0.20754
CVE-2023-0053,0.00087,0.35654
CVE-2023-0054,0.00053,0.19134
CVE-2023-0055,0.00046,0.13988
CVE-2023-0056,0.00065,0.26671
CVE-2023-0057,0.00046,0.13988
CVE-2023-0059,0.00045,0.12002
CVE-2023-0060,0.00045,0.12002
CVE-2023-0061,0.00045,0.12002
CVE-2023-0062,0.00045,0.12002
CVE-2023-0063,0.00045,0.12002
CVE-2023-0064,0.00045,0.12002
CVE-2023-0065,0.00045,0.12002
CVE-2023-0066,0.00045,0.12002
CVE-2023-0067,0.00045,0.12002
CVE-2023-0068,0.00045,0.12002
CVE-2023-0069,0.00045,0.12002
CVE-2023-0070,0.00045,0.12002
CVE-2023-0071,0.00045,0.12002
CVE-2023-0072,0.00045,0.12002
CVE-2023-0073,0.00045,0.12002
CVE-2023-0074,0.00045,0.12002
CVE-2023-0075,0.00045,0.12002
CVE-2023-0076,0.00045,0.12002
CVE-2023-0077,0.00059,0.22909
CVE-2023-0078,0.00045,0.12002
CVE-2023-0080,0.00070,0.28850
CVE-2023-0081,0.00045,0.12002
CVE-2023-0082,0.00045,0.12002
CVE-2023-0083,0.00042,0.05675
CVE-2023-0084,0.00115,0.44168
CVE-2023-0085,0.00066,0.26966
CVE-2023-0086,0.00057,0.21737
CVE-2023-0087,0.00045,0.12002
CVE-2023-0088,0.00173,0.53268
CVE-2023-0089,0.00049,0.15376
CVE-2023-0090,0.00066,0.27012
CVE-2023-0091,0.00045,0.12002
CVE-2023-0093,0.00081,0.33551
CVE-2023-0095,0.00045,0.12002
CVE-2023-0096,0.00045,0.12002
CVE-2023-0097,0.00045,0.12002
CVE-2023-0098,0.00050,0.16805
CVE-2023-0099,0.00071,0.29007
CVE-2023-0100,0.00048,0.14977
CVE-2023-0101,0.00050,0.16805
CVE-2023-0102,0.00057,0.21765
CVE-2023-0103,0.00101,0.40465
CVE-2023-0104,0.00056,0.21274
CVE-2023-0105,0.00046,0.13988
CVE-2023-0106,0.00045,0.12002
CVE-2023-0107,0.00045,0.12002
CVE-2023-0108,0.00045,0.12002
CVE-2023-0110,0.00045,0.12002
CVE-2023-0111,0.00045,0.12002
CVE-2023-0112,0.00045,0.12002
CVE-2023-0113,0.00117,0.44588
CVE-2023-0114,0.00043,0.07027
CVE-2023-0115,0.00043,0.07027
CVE-2023-0116,0.00046,0.13988
CVE-2023-0117,0.00046,0.13988
CVE-2023-0121,0.00049,0.15332
CVE-2023-0122,0.00053,0.19012
CVE-2023-0123,0.00076,0.31003
CVE-2023-0124,0.00108,0.42532
CVE-2023-0125,0.00052,0.18279
CVE-2023-0126,0.00096,0.39174
CVE-2023-0127,0.00043,0.07027
CVE-2023-0128,0.00083,0.33992
CVE-2023-0129,0.00059,0.22897
CVE-2023-0130,0.00082,0.33641
CVE-2023-0131,0.00078,0.31820
CVE-2023-0132,0.00082,0.33641
CVE-2023-0133,0.00080,0.32974
CVE-2023-0134,0.00059,0.22897
CVE-2023-0135,0.00059,0.22897
CVE-2023-0136,0.00083,0.34036
CVE-2023-0137,0.00059,0.22897
CVE-2023-0138,0.00083,0.34036
CVE-2023-0139,0.00077,0.31689
CVE-2023-0140,0.00080,0.32974
CVE-2023-0141,0.00079,0.32533
CVE-2023-0142,0.00052,0.18371
CVE-2023-0143,0.00045,0.12002
CVE-2023-0144,0.00045,0.12002
CVE-2023-0145,0.00045,0.12002
CVE-2023-0146,0.00045,0.12002
CVE-2023-0147,0.00045,0.12002
CVE-2023-0148,0.00045,0.12002
CVE-2023-0149,0.00045,0.12002
CVE-2023-0150,0.00045,0.12002
CVE-2023-0151,0.00045,0.12002
CVE-2023-0152,0.00045,0.12002
CVE-2023-0153,0.00045,0.12002
CVE-2023-0154,0.00045,0.12002
CVE-2023-0155,0.00051,0.17856
CVE-2023-0156,0.00050,0.16383
CVE-2023-0157,0.00045,0.12002
CVE-2023-0158,0.00046,0.13988
CVE-2023-0159,0.00179,0.53925
CVE-2023-0162,0.00045,0.12002
CVE-2023-0164,0.00059,0.22776
CVE-2023-0165,0.00045,0.12002
CVE-2023-0166,0.00044,0.08425
CVE-2023-0167,0.00045,0.12002
CVE-2023-0168,0.00045,0.12002
CVE-2023-0169,0.00708,0.77669
CVE-2023-0170,0.00045,0.12002
CVE-2023-0171,0.00045,0.12002
CVE-2023-0172,0.00045,0.12002
CVE-2023-0173,0.00045,0.12002
CVE-2023-0174,0.00045,0.12002
CVE-2023-0175,0.00045,0.12002
CVE-2023-0176,0.00045,0.12002
CVE-2023-0177,0.00045,0.12002
CVE-2023-0178,0.00045,0.12002
CVE-2023-0179,0.00042,0.05675
CVE-2023-0180,0.00043,0.07027
CVE-2023-0181,0.00043,0.07027
CVE-2023-0182,0.00043,0.07027
CVE-2023-0183,0.00043,0.07027
CVE-2023-0184,0.00043,0.07027
CVE-2023-0185,0.00043,0.07027
CVE-2023-0186,0.00043,0.07027
CVE-2023-0187,0.00043,0.07027
CVE-2023-0188,0.00043,0.07027
CVE-2023-0189,0.00042,0.05675
CVE-2023-0190,0.00043,0.07027
CVE-2023-0191,0.00043,0.07027
CVE-2023-0192,0.00043,0.07027
CVE-2023-0193,0.00042,0.05675
CVE-2023-0194,0.00044,0.10600
CVE-2023-0195,0.00044,0.10600
CVE-2023-0196,0.00042,0.05675
CVE-2023-0197,0.00043,0.07027
CVE-2023-0198,0.00043,0.07027
CVE-2023-0199,0.00043,0.07027
CVE-2023-0200,0.00060,0.23456
CVE-2023-0201,0.00042,0.05675
CVE-2023-0202,0.00043,0.07027
CVE-2023-0203,0.00044,0.11133
CVE-2023-0204,0.00044,0.11133
CVE-2023-0205,0.00044,0.11133
CVE-2023-0206,0.00043,0.07027
CVE-2023-0207,0.00043,0.07027
CVE-2023-0208,0.00043,0.07027
CVE-2023-0209,0.00045,0.12204
CVE-2023-0210,0.00052,0.17992
CVE-2023-0212,0.00045,0.12002
CVE-2023-0213,0.00043,0.07027
CVE-2023-0214,0.00128,0.46505
CVE-2023-0215,0.00247,0.61307
CVE-2023-0216,0.00059,0.23114
CVE-2023-0217,0.00054,0.19649
CVE-2023-0219,0.00045,0.12002
CVE-2023-0220,0.00050,0.16805
CVE-2023-0221,0.00042,0.05675
CVE-2023-0223,0.00052,0.18022
CVE-2023-0225,0.00044,0.10775
CVE-2023-0227,0.00049,0.15307
CVE-2023-0228,0.00056,0.21270
CVE-2023-0229,0.00044,0.11133
CVE-2023-0230,0.00045,0.12002
CVE-2023-0231,0.00045,0.12002
CVE-2023-0232,0.00071,0.29023
CVE-2023-0233,0.00045,0.12002
CVE-2023-0234,0.00060,0.23180
CVE-2023-0236,0.00071,0.29007
CVE-2023-0240,0.00042,0.05675
CVE-2023-0241,0.00046,0.12908
CVE-2023-0242,0.00050,0.16805
CVE-2023-0243,0.00063,0.25482
CVE-2023-0244,0.00063,0.25482
CVE-2023-0245,0.00063,0.25482
CVE-2023-0246,0.00051,0.17548
CVE-2023-0247,0.00053,0.19305
CVE-2023-0249,0.00120,0.45159
CVE-2023-0250,0.00083,0.34037
CVE-2023-0251,0.00082,0.33625
CVE-2023-0252,0.00045,0.12002
CVE-2023-0253,0.00051,0.17954
CVE-2023-0254,0.00049,0.15307
CVE-2023-0255,0.00050,0.16805
CVE-2023-0256,0.00076,0.31349
CVE-2023-0257,0.00091,0.37850
CVE-2023-0258,0.00046,0.13988
CVE-2023-0259,0.00050,0.16805
CVE-2023-0260,0.00050,0.16805
CVE-2023-0261,0.01225,0.83448
CVE-2023-0262,0.00050,0.16805
CVE-2023-0263,0.00050,0.16805
CVE-2023-0265,0.00066,0.27286
CVE-2023-0266,0.00112,0.43404
CVE-2023-0267,0.00045,0.12002
CVE-2023-0268,0.00045,0.12002
CVE-2023-0270,0.00045,0.12002
CVE-2023-0271,0.00045,0.12002
CVE-2023-0272,0.00045,0.12002
CVE-2023-0273,0.00045,0.12002
CVE-2023-0275,0.00045,0.12002
CVE-2023-0276,0.00045,0.12002
CVE-2023-0277,0.00050,0.16805
CVE-2023-0278,0.00050,0.16805
CVE-2023-0279,0.00050,0.16805
CVE-2023-0280,0.00045,0.12002
CVE-2023-0281,0.00063,0.25482
CVE-2023-0282,0.00045,0.12002
CVE-2023-0283,0.00063,0.25482
CVE-2023-0284,0.00044,0.11133
CVE-2023-0285,0.00045,0.12002
CVE-2023-0286,0.00115,0.44147
CVE-2023-0287,0.00051,0.17548
CVE-2023-0288,0.00050,0.17262
CVE-2023-0289,0.00045,0.12002
CVE-2023-0290,0.00046,0.12982
CVE-2023-0291,0.00103,0.40885
CVE-2023-0292,0.00120,0.45087
CVE-2023-0293,0.00045,0.12002
CVE-2023-0294,0.00052,0.18362
CVE-2023-0295,0.00045,0.12002
CVE-2023-0296,0.00046,0.13988
CVE-2023-0297,0.30395,0.96351
CVE-2023-0298,0.00046,0.12859
CVE-2023-0299,0.00085,0.34900
CVE-2023-0300,0.00045,0.12002
CVE-2023-0301,0.00045,0.12002
CVE-2023-0302,0.00053,0.19305
CVE-2023-0303,0.00064,0.26319
CVE-2023-0304,0.00064,0.26319
CVE-2023-0305,0.00064,0.26319
CVE-2023-0306,0.00045,0.12002
CVE-2023-0307,0.00091,0.37850
CVE-2023-0308,0.00045,0.12002
CVE-2023-0309,0.00045,0.12002
CVE-2023-0310,0.00045,0.12002
CVE-2023-0311,0.00091,0.37850
CVE-2023-0312,0.00046,0.13988
CVE-2023-0313,0.00045,0.12002
CVE-2023-0314,0.00046,0.13988
CVE-2023-0315,0.46639,0.96919
CVE-2023-0316,0.00043,0.07027
CVE-2023-0317,0.00049,0.15307
CVE-2023-0319,0.00052,0.18022
CVE-2023-0320,0.00045,0.12002
CVE-2023-0321,0.00088,0.36228
CVE-2023-0322,0.00046,0.13988
CVE-2023-0323,0.00090,0.37245
CVE-2023-0324,0.00063,0.25482
CVE-2023-0325,0.00148,0.49767
CVE-2023-0326,0.00050,0.16960
CVE-2023-0327,0.00052,0.18279
CVE-2023-0328,0.00045,0.12002
CVE-2023-0329,0.00050,0.16805
CVE-2023-0330,0.00043,0.07027
CVE-2023-0331,0.00174,0.53336
CVE-2023-0332,0.00077,0.31678
CVE-2023-0333,0.00045,0.12002
CVE-2023-0334,0.00046,0.13988
CVE-2023-0335,0.00046,0.12859
CVE-2023-0336,0.00046,0.12859
CVE-2023-0337,0.00046,0.13988
CVE-2023-0338,0.00046,0.13988
CVE-2023-0339,0.00096,0.39158
CVE-2023-0340,0.00070,0.28850
CVE-2023-0341,0.00261,0.62543
CVE-2023-0342,0.00046,0.13988
CVE-2023-0343,0.00087,0.35654
CVE-2023-0344,0.00048,0.14876
CVE-2023-0345,0.00091,0.37850
CVE-2023-0346,0.00087,0.35654
CVE-2023-0347,0.00046,0.13988
CVE-2023-0348,0.00048,0.14876
CVE-2023-0349,0.00091,0.37850
CVE-2023-0350,0.00046,0.12859
CVE-2023-0351,0.00048,0.14539
CVE-2023-0352,0.00091,0.37850
CVE-2023-0353,0.00061,0.24144
CVE-2023-0354,0.00091,0.37850
CVE-2023-0355,0.00087,0.35654
CVE-2023-0356,0.00059,0.22878
CVE-2023-0357,0.00148,0.49767
CVE-2023-0358,0.00053,0.19305
CVE-2023-0360,0.00045,0.12002
CVE-2023-0361,0.00116,0.44457
CVE-2023-0362,0.00045,0.12002
CVE-2023-0363,0.00045,0.12002
CVE-2023-0364,0.00045,0.12002
CVE-2023-0365,0.00045,0.12002
CVE-2023-0366,0.00045,0.12002
CVE-2023-0367,0.00045,0.12002
CVE-2023-0368,0.00043,0.07027
CVE-2023-0369,0.00045,0.12002
CVE-2023-0370,0.00045,0.12002
CVE-2023-0371,0.00045,0.12002
CVE-2023-0372,0.00045,0.12002
CVE-2023-0373,0.00045,0.12002
CVE-2023-0374,0.00045,0.12002
CVE-2023-0375,0.00045,0.12002
CVE-2023-0377,0.00045,0.12002
CVE-2023-0378,0.00045,0.12002
CVE-2023-0379,0.00045,0.12002
CVE-2023-0380,0.00045,0.12002
CVE-2023-0381,0.00050,0.16805
CVE-2023-0382,0.00044,0.11133
CVE-2023-0383,0.00046,0.13988
CVE-2023-0384,0.00046,0.13988
CVE-2023-0385,0.00053,0.18924
CVE-2023-0386,0.00042,0.05675
CVE-2023-0388,0.00050,0.16805
CVE-2023-0391,0.00080,0.33206
CVE-2023-0394,0.00042,0.05675
CVE-2023-0395,0.00045,0.12002
CVE-2023-0396,0.00053,0.19305
CVE-2023-0397,0.00044,0.10600
CVE-2023-0398,0.00048,0.14876
CVE-2023-0399,0.00045,0.12002
CVE-2023-0400,0.00042,0.05675
CVE-2023-0401,0.00120,0.45152
CVE-2023-0402,0.00050,0.16942
CVE-2023-0403,0.00097,0.39601
CVE-2023-0404,0.00045,0.12002
CVE-2023-0405,0.00045,0.12002
CVE-2023-0406,0.00046,0.13988
CVE-2023-0410,0.00046,0.13988
CVE-2023-0411,0.00055,0.20758
CVE-2023-0412,0.00049,0.16198
CVE-2023-0413,0.00055,0.20696
CVE-2023-0414,0.00053,0.19012
CVE-2023-0415,0.00055,0.20696
CVE-2023-0416,0.00053,0.19012
CVE-2023-0417,0.00055,0.20696
CVE-2023-0418,0.00045,0.12002
CVE-2023-0419,0.00045,0.12002
CVE-2023-0420,0.00045,0.12002
CVE-2023-0421,0.00097,0.39601
CVE-2023-0422,0.00045,0.12002
CVE-2023-0423,0.00045,0.12002
CVE-2023-0424,0.00045,0.12002
CVE-2023-0428,0.00046,0.13988
CVE-2023-0429,0.00045,0.12002
CVE-2023-0430,0.00048,0.14876
CVE-2023-0431,0.00045,0.12002
CVE-2023-0432,0.00048,0.14884
CVE-2023-0433,0.00057,0.21524
CVE-2023-0434,0.00046,0.13988
CVE-2023-0435,0.00087,0.36042
CVE-2023-0438,0.00048,0.14876
CVE-2023-0440,0.00046,0.13988
CVE-2023-0441,0.00050,0.16890
CVE-2023-0442,0.00046,0.13988
CVE-2023-0443,0.00046,0.13988
CVE-2023-0444,0.00050,0.16805
CVE-2023-0446,0.00045,0.12002
CVE-2023-0447,0.00052,0.18199
CVE-2023-0448,0.00046,0.13988
CVE-2023-0450,0.00074,0.30361
CVE-2023-0451,0.00087,0.35654
CVE-2023-0452,0.00046,0.13988
CVE-2023-0453,0.00045,0.12002
CVE-2023-0454,0.00046,0.12958
CVE-2023-0455,0.00273,0.63461
CVE-2023-0457,0.00200,0.56678
CVE-2023-0458,0.00045,0.12048
CVE-2023-0459,0.00043,0.07027
CVE-2023-0460,0.00043,0.07027
CVE-2023-0461,0.00042,0.05675
CVE-2023-0463,0.00043,0.07027
CVE-2023-0464,0.00136,0.47859
CVE-2023-0465,0.00132,0.47158
CVE-2023-0466,0.00132,0.47158
CVE-2023-0467,0.00046,0.12771
CVE-2023-0468,0.00043,0.07027
CVE-2023-0469,0.00043,0.07027
CVE-2023-0470,0.00045,0.12002
CVE-2023-0471,0.00193,0.55829
CVE-2023-0472,0.00337,0.67228
CVE-2023-0473,0.00062,0.24763
CVE-2023-0474,0.00063,0.25344
CVE-2023-0475,0.00046,0.13988
CVE-2023-0476,0.00046,0.12859
CVE-2023-0477,0.00050,0.16805
CVE-2023-0480,0.00058,0.21935
CVE-2023-0481,0.00042,0.05675
CVE-2023-0482,0.00042,0.05675
CVE-2023-0483,0.00060,0.23483
CVE-2023-0484,0.00046,0.13988
CVE-2023-0485,0.00077,0.31783
CVE-2023-0486,0.00046,0.13988
CVE-2023-0487,0.00050,0.16805
CVE-2023-0488,0.00045,0.12002
CVE-2023-0489,0.00043,0.07027
CVE-2023-0490,0.00045,0.12002
CVE-2023-0491,0.00045,0.12002
CVE-2023-0492,0.00045,0.12002
CVE-2023-0493,0.00273,0.63461
CVE-2023-0494,0.00136,0.47886
CVE-2023-0495,0.00046,0.13988
CVE-2023-0496,0.00046,0.13988
CVE-2023-0497,0.00046,0.13988
CVE-2023-0498,0.00046,0.13988
CVE-2023-0499,0.00046,0.13988
CVE-2023-0500,0.00048,0.14876
CVE-2023-0501,0.00048,0.14876
CVE-2023-0502,0.00048,0.14876
CVE-2023-0503,0.00046,0.13988
CVE-2023-0504,0.00046,0.13988
CVE-2023-0505,0.00046,0.13988
CVE-2023-0507,0.00045,0.12002
CVE-2023-0508,0.00052,0.18022
CVE-2023-0509,0.00061,0.24144
CVE-2023-0511,0.00091,0.38070
CVE-2023-0512,0.00057,0.21524
CVE-2023-0513,0.00066,0.26990
CVE-2023-0514,0.00046,0.13988
CVE-2023-0515,0.00076,0.30864
CVE-2023-0516,0.00076,0.30864
CVE-2023-0518,0.00049,0.15332
CVE-2023-0519,0.00045,0.12002
CVE-2023-0520,0.00045,0.12002
CVE-2023-0522,0.00048,0.14876
CVE-2023-0523,0.00154,0.50570
CVE-2023-0524,0.00050,0.16805
CVE-2023-0526,0.00045,0.12002
CVE-2023-0527,0.00133,0.47334
CVE-2023-0528,0.00051,0.17499
CVE-2023-0529,0.00051,0.17499
CVE-2023-0530,0.00063,0.25482
CVE-2023-0531,0.00051,0.17499
CVE-2023-0532,0.00051,0.17499
CVE-2023-0533,0.00051,0.17499
CVE-2023-0534,0.00051,0.17499
CVE-2023-0535,0.00045,0.12002
CVE-2023-0536,0.00045,0.12002
CVE-2023-0537,0.00045,0.12002
CVE-2023-0538,0.00045,0.12002
CVE-2023-0539,0.00045,0.12002
CVE-2023-0540,0.00045,0.12002
CVE-2023-0541,0.00045,0.12002
CVE-2023-0542,0.00045,0.12002
CVE-2023-0543,0.00045,0.12002
CVE-2023-0544,0.00045,0.12002
CVE-2023-0545,0.00045,0.12002
CVE-2023-0546,0.00045,0.12002
CVE-2023-0547,0.00048,0.14876
CVE-2023-0548,0.00045,0.12002
CVE-2023-0549,0.00052,0.18424
CVE-2023-0550,0.00051,0.17954
CVE-2023-0552,0.00078,0.31804
CVE-2023-0553,0.00051,0.17954
CVE-2023-0554,0.00065,0.26741
CVE-2023-0555,0.00052,0.18199
CVE-2023-0556,0.00089,0.37018
CVE-2023-0557,0.00089,0.36636
CVE-2023-0558,0.00152,0.50342
CVE-2023-0559,0.00045,0.12002
CVE-2023-0560,0.00061,0.24022
CVE-2023-0561,0.00061,0.24022
CVE-2023-0562,0.00063,0.25482
CVE-2023-0563,0.00051,0.17548
CVE-2023-0564,0.00048,0.14876
CVE-2023-0565,0.00046,0.12810
CVE-2023-0566,0.00045,0.12002
CVE-2023-0567,0.00045,0.12332
CVE-2023-0568,0.00087,0.36042
CVE-2023-0569,0.00049,0.15307
CVE-2023-0570,0.00063,0.25482
CVE-2023-0571,0.00051,0.17548
CVE-2023-0572,0.00046,0.13988
CVE-2023-0574,0.00091,0.37850
CVE-2023-0575,0.00066,0.27012
CVE-2023-0576,0.00043,0.07027
CVE-2023-0577,0.00046,0.13988
CVE-2023-0578,0.00046,0.13988
CVE-2023-0580,0.00091,0.37850
CVE-2023-0581,0.00052,0.18362
CVE-2023-0583,0.00045,0.12002
CVE-2023-0584,0.00045,0.12002
CVE-2023-0585,0.00070,0.28841
CVE-2023-0586,0.00060,0.23171
CVE-2023-0587,0.00291,0.64684
CVE-2023-0589,0.00045,0.12002
CVE-2023-0590,0.00043,0.07027
CVE-2023-0591,0.00046,0.14063
CVE-2023-0592,0.00046,0.14063
CVE-2023-0593,0.00046,0.14063
CVE-2023-0594,0.00045,0.12002
CVE-2023-0595,0.00046,0.13988
CVE-2023-0597,0.00042,0.05675
CVE-2023-0598,0.00082,0.33654
CVE-2023-0599,0.00044,0.11032
CVE-2023-0600,0.00096,0.39165
CVE-2023-0603,0.00058,0.21935
CVE-2023-0605,0.00045,0.12002
CVE-2023-0606,0.00046,0.13988
CVE-2023-0607,0.00045,0.12002
CVE-2023-0608,0.00045,0.12002
CVE-2023-0609,0.00045,0.12002
CVE-2023-0610,0.00045,0.12002
CVE-2023-0611,0.00048,0.14551
CVE-2023-0612,0.00046,0.13988
CVE-2023-0613,0.00046,0.13988
CVE-2023-0614,0.00066,0.27074
CVE-2023-0615,0.00042,0.05675
CVE-2023-0616,0.00046,0.13988
CVE-2023-0617,0.00046,0.13988
CVE-2023-0618,0.00046,0.13988
CVE-2023-0619,0.00046,0.12859
CVE-2023-0620,0.00043,0.07027
CVE-2023-0621,0.00053,0.18658
CVE-2023-0622,0.00053,0.18658
CVE-2023-0623,0.00053,0.18658
CVE-2023-0624,0.00046,0.13988
CVE-2023-0628,0.00053,0.19305
CVE-2023-0629,0.00043,0.07027
CVE-2023-0630,0.02466,0.88519
CVE-2023-0631,0.00050,0.16805
CVE-2023-0635,0.00091,0.37850
CVE-2023-0636,0.00103,0.40869
CVE-2023-0637,0.00063,0.25518
CVE-2023-0638,0.00093,0.38509
CVE-2023-0639,0.00046,0.13988
CVE-2023-0640,0.00108,0.42632
CVE-2023-0641,0.00067,0.27596
CVE-2023-0642,0.00046,0.13988
CVE-2023-0643,0.00046,0.13988
CVE-2023-0644,0.00046,0.13988
CVE-2023-0645,0.00114,0.43915
CVE-2023-0646,0.00065,0.26859
CVE-2023-0647,0.00065,0.26859
CVE-2023-0648,0.00065,0.26859
CVE-2023-0649,0.00065,0.26859
CVE-2023-0650,0.00060,0.23613
CVE-2023-0651,0.00063,0.24970
CVE-2023-0652,0.00042,0.05675
CVE-2023-0655,0.00065,0.26756
CVE-2023-0656,0.00130,0.46724
CVE-2023-0658,0.00087,0.35654
CVE-2023-0659,0.00087,0.35654
CVE-2023-0660,0.00045,0.12002
CVE-2023-0661,0.00049,0.15307
CVE-2023-0662,0.00046,0.13988
CVE-2023-0663,0.00063,0.25482
CVE-2023-0664,0.00042,0.05675
CVE-2023-0665,0.00046,0.13988
CVE-2023-0666,0.00075,0.30518
CVE-2023-0667,0.00155,0.50696
CVE-2023-0668,0.00059,0.22927
CVE-2023-0669,0.96695,0.99444
CVE-2023-0670,0.00092,0.38124
CVE-2023-0671,0.00049,0.15376
CVE-2023-0673,0.00076,0.31349
CVE-2023-0674,0.00054,0.19795
CVE-2023-0675,0.00061,0.24022
CVE-2023-0676,0.00046,0.13988
CVE-2023-0677,0.00046,0.13988
CVE-2023-0678,0.00046,0.13988
CVE-2023-0679,0.00063,0.25482
CVE-2023-0681,0.00046,0.13988
CVE-2023-0683,0.00048,0.14977
CVE-2023-0684,0.00052,0.18199
CVE-2023-0685,0.00139,0.48221
CVE-2023-0686,0.00076,0.31349
CVE-2023-0687,0.00063,0.24970
CVE-2023-0688,0.00064,0.26325
CVE-2023-0690,0.00043,0.07027
CVE-2023-0691,0.00051,0.17954
CVE-2023-0692,0.00051,0.17954
CVE-2023-0693,0.00051,0.17954
CVE-2023-0694,0.00051,0.17954
CVE-2023-0695,0.00045,0.12002
CVE-2023-0696,0.00062,0.24763
CVE-2023-0697,0.00061,0.24176
CVE-2023-0698,0.00083,0.34036
CVE-2023-0699,0.00079,0.32846
CVE-2023-0700,0.00061,0.24176
CVE-2023-0701,0.00062,0.24763
CVE-2023-0702,0.00062,0.24763
CVE-2023-0703,0.00062,0.24763
CVE-2023-0704,0.00059,0.23099
CVE-2023-0705,0.00062,0.24763
CVE-2023-0706,0.00050,0.16805
CVE-2023-0707,0.00061,0.24144
CVE-2023-0708,0.00051,0.17954
CVE-2023-0709,0.00051,0.17954
CVE-2023-0710,0.00045,0.12002
CVE-2023-0711,0.00052,0.18199
CVE-2023-0712,0.00052,0.18199
CVE-2023-0713,0.00052,0.18199
CVE-2023-0715,0.00052,0.18199
CVE-2023-0716,0.00052,0.18199
CVE-2023-0717,0.00052,0.18199
CVE-2023-0718,0.00052,0.18199
CVE-2023-0719,0.00052,0.18199
CVE-2023-0720,0.00052,0.18199
CVE-2023-0721,0.00063,0.25180
CVE-2023-0722,0.00069,0.28212
CVE-2023-0723,0.00092,0.38262
CVE-2023-0724,0.00069,0.28212
CVE-2023-0725,0.00069,0.28212
CVE-2023-0726,0.00069,0.28212
CVE-2023-0727,0.00092,0.38262
CVE-2023-0728,0.00092,0.38262
CVE-2023-0729,0.00065,0.26795
CVE-2023-0730,0.00092,0.38262
CVE-2023-0731,0.00045,0.12002
CVE-2023-0732,0.00046,0.13988
CVE-2023-0733,0.00097,0.39601
CVE-2023-0734,0.00046,0.13988
CVE-2023-0735,0.00048,0.14876
CVE-2023-0736,0.00045,0.12002
CVE-2023-0738,0.00046,0.13988
CVE-2023-0739,0.00050,0.16971
CVE-2023-0740,0.00050,0.16805
CVE-2023-0741,0.00050,0.16805
CVE-2023-0742,0.00050,0.16805
CVE-2023-0743,0.00050,0.16805
CVE-2023-0744,0.13830,0.94853
CVE-2023-0745,0.00091,0.38070
CVE-2023-0746,0.00046,0.13988
CVE-2023-0747,0.00045,0.12002
CVE-2023-0748,0.00046,0.13988
CVE-2023-0749,0.00049,0.15307
CVE-2023-0750,0.00091,0.37850
CVE-2023-0751,0.00048,0.15015
CVE-2023-0754,0.00111,0.43122
CVE-2023-0755,0.00130,0.46757
CVE-2023-0756,0.00378,0.69045
CVE-2023-0758,0.00063,0.25482
CVE-2023-0759,0.00050,0.16805
CVE-2023-0760,0.00063,0.25678
CVE-2023-0761,0.00046,0.13988
CVE-2023-0762,0.00046,0.13988
CVE-2023-0763,0.00046,0.13988
CVE-2023-0764,0.00045,0.12002
CVE-2023-0765,0.00050,0.16805
CVE-2023-0766,0.00058,0.21935
CVE-2023-0767,0.00066,0.27277
CVE-2023-0768,0.00050,0.16805
CVE-2023-0770,0.00050,0.17262
CVE-2023-0771,0.00050,0.16805
CVE-2023-0772,0.00049,0.15307
CVE-2023-0774,0.00055,0.20635
CVE-2023-0775,0.00044,0.10600
CVE-2023-0776,0.00158,0.51241
CVE-2023-0777,0.01157,0.82896
CVE-2023-0778,0.00050,0.16890
CVE-2023-0779,0.00047,0.14258
CVE-2023-0780,0.00046,0.13988
CVE-2023-0781,0.00063,0.25482
CVE-2023-0782,0.00062,0.24242
CVE-2023-0783,0.00063,0.25482
CVE-2023-0784,0.00063,0.25482
CVE-2023-0785,0.00052,0.18420
CVE-2023-0786,0.00049,0.15477
CVE-2023-0787,0.00045,0.12002
CVE-2023-0788,0.00066,0.27012
CVE-2023-0789,0.00109,0.42772
CVE-2023-0790,0.00055,0.20649
CVE-2023-0791,0.00049,0.15477
CVE-2023-0792,0.00045,0.12002
CVE-2023-0793,0.00050,0.16805
CVE-2023-1389,0.01664,0.85864
CVE-2023-2033,0.00983,0.81318
CVE-2023-20887,0.82708,0.97921
CVE-2023-20963,0.00190,0.55287
CVE-2023-2136,0.00549,0.74276
CVE-2023-21492,0.00083,0.34175
CVE-2023-21674,0.00096,0.39180
CVE-2023-21715,0.00972,0.81192
CVE-2023-21823,0.77497,0.97753
CVE-2023-21839,0.95115,0.98969
CVE-2023-22952,0.64202,0.97364
CVE-2023-23376,0.00572,0.74797
CVE-2023-23397,0.93943,0.98732
CVE-2023-23529,0.00091,0.37641
CVE-2023-24880,0.01075,0.82204
CVE-2023-25717,0.89698,0.98265
CVE-2023-26083,0.06150,0.92494
CVE-2023-26360,0.87425,0.98136
CVE-2023-27350,0.96921,0.99559
CVE-2023-27997,0.05748,0.92225
CVE-2023-28205,0.00132,0.47139
CVE-2023-28206,0.00154,0.50603
CVE-2023-28252,0.23733,0.95906
CVE-2023-28432,0.42964,0.96824
CVE-2023-2868,0.01638,0.85758
CVE-2023-28771,0.91122,0.98388
CVE-2023-29336,0.00051,0.17629
CVE-2023-29492,0.03392,0.90074
CVE-2023-3079,0.00248,0.61440
CVE-2023-33009,0.02075,0.87477
CVE-2023-33010,0.02075,0.87477
CVE-2023-34362,0.80771,0.97843
